<?xml version="1.0" encoding="UTF-8"?>
<?import javafx.geometry.Insets?>
<?import javafx.scene.control.Button?>
<?import javafx.scene.control.Label?>
<?import javafx.scene.control.Menu?>
<?import javafx.scene.control.MenuBar?>
<?import javafx.scene.control.MenuItem?>
<?import javafx.scene.image.Image?>
<?import javafx.scene.image.ImageView?>
<?import javafx.scene.layout.AnchorPane?>
<?import javafx.scene.layout.HBox?>
<?import javafx.scene.shape.Circle?>
<?import javafx.scene.text.Font?>

<AnchorPane fx:id="mainPane" prefHeight="650.0" prefWidth="800.0" xmlns="http://javafx.com/javafx/8.0.65" xmlns:fx="http://javafx.com/fxml/1" fx:controller="application.Controller">
   <children>
      <ImageView fx:id="iconDeck" fitHeight="90.0" fitWidth="57.0" layoutX="447.0" layoutY="253.0" pickOnBounds="true" preserveRatio="true" />
      <ImageView fx:id="iconLastCard" fitHeight="90.0" fitWidth="57.0" layoutX="277.0" layoutY="253.0" pickOnBounds="true" preserveRatio="true" />
      <Label fx:id="labelCurrentPlayer" alignment="CENTER" contentDisplay="CENTER" layoutX="250.0" layoutY="420.0" prefHeight="31.0" prefWidth="286.0" textAlignment="CENTER">
         <font>
            <Font name="System Bold" size="19.0" />
         </font>
      </Label>
      <Circle fx:id="circleWishColor" fill="DODGERBLUE" layoutX="392.0" layoutY="298.0" radius="16.0" stroke="BLACK" strokeType="INSIDE" strokeWidth="0.0" />
      <Label fx:id="labelWishColor" layoutX="355.0" layoutY="253.0" text="Wunschfarbe">
         <font>
            <Font name="System Bold" size="12.0" />
         </font>
      </Label>
      <ImageView fx:id="imageViewWishColor" fitHeight="40.0" fitWidth="40.0" layoutX="372.0" layoutY="278.0" pickOnBounds="true" preserveRatio="true" />
      <HBox fx:id="hboxInfo" alignment="CENTER" layoutX="207.0" layoutY="611.0" prefHeight="25.0" prefWidth="338.0">
         <children>
            <Label fx:id="labelInfo" alignment="CENTER" contentDisplay="CENTER" prefHeight="30.0" prefWidth="255.0" text="Du kannst nicht kontern. Ziehe xx Karten." textAlignment="CENTER">
               <font>
                  <Font name="System Bold" size="13.0" />
               </font>
            </Label>
            <Button fx:id="buttonInfo" mnemonicParsing="false" text="OK">
               <HBox.margin>
                  <Insets left="15.0" />
               </HBox.margin>
            </Button>
         </children>
      </HBox>
      <Label fx:id="labelChallengeCounter" alignment="CENTER" contentDisplay="CENTER" layoutX="297.0" layoutY="352.0" prefHeight="17.0" prefWidth="190.0" text="Verlierer zieht 12 Karten" textAlignment="CENTER">
         <font>
            <Font name="System Bold" size="14.0" />
         </font>
      </Label>
      <ImageView fx:id="imageViewDirection" fitHeight="30.0" fitWidth="30.0" layoutX="543.0" layoutY="282.0" pickOnBounds="true" preserveRatio="true" />
      <Label fx:id="labelDirection" layoutX="520.0" layoutY="252.0" text="Spielrichtung:">
         <font>
            <Font name="System Bold" size="12.0" />
         </font>
      </Label>
      <Label fx:id="labelAI2Name" alignment="CENTER" contentDisplay="CENTER" layoutX="661.0" layoutY="107.0" prefHeight="19.0" prefWidth="106.0" text="Computer 2" textAlignment="CENTER">
         <font>
            <Font name="System Bold" size="13.0" />
         </font>
      </Label>
      <Label fx:id="labelAI3Name" alignment="CENTER" contentDisplay="CENTER" layoutX="36.0" layoutY="107.0" prefHeight="19.0" prefWidth="106.0" text="Computer 3" textAlignment="CENTER">
         <font>
            <Font name="System Bold" size="13.0" />
         </font>
      </Label>
      <Label fx:id="labelAI1Name" alignment="CENTER" contentDisplay="CENTER" layoutX="340.0" layoutY="38.0" prefHeight="19.0" prefWidth="106.0" text="Computer 1" textAlignment="CENTER">
         <font>
            <Font name="System Bold" size="13.0" />
         </font>
      </Label>
      <Button fx:id="buttonStart" layoutX="360.0" layoutY="390.0" mnemonicParsing="false" text="START">
         <font>
            <Font name="System Bold" size="14.0" />
         </font>
      </Button>
      <MenuBar fx:id="menuBar" prefHeight="25.0" prefWidth="304.0" AnchorPane.leftAnchor="0.0" AnchorPane.rightAnchor="0.0">
        <menus>
          <Menu fx:id="menu1" mnemonicParsing="false" text="Menü">
            <items>
                  <MenuItem fx:id="menuItemBack" mnemonicParsing="false" onAction="#showMainMenu" text="Zurück zum Start" />
                  <MenuItem fx:id="menuItem1" mnemonicParsing="false" onAction="#buttonAchievements" text="Achievements" />
              <MenuItem fx:id="menuItem3" mnemonicParsing="false" onAction="#about" text="Über" />
            </items>
          </Menu>
        </menus>
      </MenuBar>
      <ImageView fx:id="imageViewLogo" fitHeight="160.0" fitWidth="175.0" layoutX="312.0" layoutY="189.0" pickOnBounds="true" preserveRatio="true">
         <image>
            <Image url="@../images/icon.png" />
         </image>
      </ImageView>
      <Label fx:id="labelLogo" layoutX="252.0" layoutY="385.0" text="Willkommen bei UNO!">
         <font>
            <Font name="System Bold" size="28.0" />
         </font>
      </Label>
      <Button fx:id="buttonNewGame" layoutX="282.0" layoutY="468.0" mnemonicParsing="false" onAction="#startGame" text="Neues Spiel">
         <font>
            <Font name="System Bold" size="14.0" />
         </font>
      </Button>
      <Button fx:id="buttonSettings" layoutX="410.0" layoutY="468.0" mnemonicParsing="false" onAction="#openSettings" text="Einstellungen">
         <font>
            <Font name="System Bold" size="14.0" />
         </font>
      </Button>
   </children>
</AnchorPane>
