<?xml version="1.0" encoding="UTF-8"?>
<project-private xmlns="http://www.netbeans.org/ns/project-private/1">
    <editor-bookmarks xmlns="http://www.netbeans.org/ns/editor-bookmarks/2" lastBookmarkId="0"/>
    <open-files xmlns="http://www.netbeans.org/ns/projectui-open-files/2">
        <group>
            <file>file:/C:/Users/Dhanushka%20Uduwela/Desktop/java%20game/uno-game-master/splashscr/src/splashscr/Splashscr.java</file>
            <file>file:/C:/Users/Dhanushka%20Uduwela/Desktop/java%20game/uno-game-master/splashscr/src/splashscr/scr.java</file>
            <file>file:/C:/Users/Dhanushka%20Uduwela/Desktop/java%20game/uno-game-master/splashscr/src/splashscr/main.java</file>
            <file>file:/C:/Users/Dhanushka%20Uduwela/Desktop/java%20game/uno-game-master/splashscr/src/splashscr/createplayer.java</file>
            <file>file:/C:/Users/Dhanushka%20Uduwela/Desktop/java%20game/uno-game-master/splashscr/src/application/MainGUI.xml</file>
        </group>
        <group name="uno">
            <file>file:/C:/Users/Dhanushka%20Uduwela/Desktop/splashscr/src/splashscr/Admin_Login.java</file>
            <file>file:/C:/Users/Dhanushka%20Uduwela/Desktop/splashscr/src/splashscr/stock.png</file>
            <file>file:/C:/Users/Dhanushka%20Uduwela/Desktop/splashscr/src/splashscr/quick_purchase.java</file>
            <file>file:/C:/Users/Dhanushka%20Uduwela/Desktop/splashscr/src/splashscr/order_pannel1.java</file>
            <file>file:/C:/Users/Dhanushka%20Uduwela/Desktop/splashscr/src/splashscr/menu_pannel.java</file>
            <file>file:/C:/Users/Dhanushka%20Uduwela/Desktop/splashscr/src/splashscr/supplier.png</file>
            <file>file:/C:/Users/Dhanushka%20Uduwela/Desktop/splashscr/src/images/taco-bell-hotel-food-spread.jpg</file>
            <file>file:/C:/Users/Dhanushka%20Uduwela/Desktop/splashscr/src/splashscr/gameboard.jpg</file>
            <file>file:/C:/Users/Dhanushka%20Uduwela/Desktop/splashscr/src/splashscr/menu_pannel3.java</file>
            <file>file:/C:/Users/Dhanushka%20Uduwela/Desktop/splashscr/src/splashscr/employee_search.java</file>
            <file>file:/C:/Users/Dhanushka%20Uduwela/Desktop/splashscr/src/splashscr/Splashscr.java</file>
            <file>file:/C:/Users/Dhanushka%20Uduwela/Desktop/splashscr/src/splashscr/order_pannel.java</file>
            <file>file:/C:/Users/Dhanushka%20Uduwela/Desktop/splashscr/src/splashscr/stock_search1.java</file>
            <file>file:/C:/Users/Dhanushka%20Uduwela/Desktop/splashscr/src/splashscr/customer_search11.java</file>
            <file>file:/C:/Users/Dhanushka%20Uduwela/Desktop/splashscr/src/splashscr/user_Login.java</file>
            <file>file:/C:/Users/Dhanushka%20Uduwela/Desktop/splashscr/src/splashscr/customer_pannel1.java</file>
            <file>file:/C:/Users/Dhanushka%20Uduwela/Desktop/splashscr/src/splashscr/stock_pannel.java</file>
            <file>file:/C:/Users/Dhanushka%20Uduwela/Desktop/splashscr/src/splashscr/menu.png</file>
            <file>file:/C:/Users/Dhanushka%20Uduwela/Desktop/splashscr/src/splashscr/menu_pannel1.java</file>
            <file>file:/C:/Users/Dhanushka%20Uduwela/Desktop/splashscr/src/splashscr/Dashboard.java</file>
            <file>file:/C:/Users/Dhanushka%20Uduwela/Desktop/splashscr/src/splashscr/supplier_pannel.java</file>
            <file>file:/C:/Users/Dhanushka%20Uduwela/Desktop/splashscr/src/images/supplier-icon-png-28.jpg</file>
            <file>file:/C:/Users/Dhanushka%20Uduwela/Desktop/splashscr/src/splashscr/menu_pannel2.java</file>
            <file>file:/C:/Users/Dhanushka%20Uduwela/Desktop/splashscr/src/splashscr/brand.java</file>
            <file>file:/C:/Users/Dhanushka%20Uduwela/Desktop/splashscr/src/splashscr/customer_search.java</file>
            <file>file:/C:/Users/Dhanushka%20Uduwela/Desktop/splashscr/src/splashscr/supplier_search.java</file>
            <file>file:/C:/Users/Dhanushka%20Uduwela/Desktop/splashscr/src/splashscr/purchase_pannel.java</file>
            <file>file:/C:/Users/Dhanushka%20Uduwela/Desktop/splashscr/src/splashscr/scr.java</file>
        </group>
    </open-files>
</project-private>
